{"cameraMode":{"drawMode":0,"name":"Shaded","section":"Shading Mode"},"sceneLighting":false,"audioPlay":false,"sceneViewState":{"m_AlwaysRefresh":false,"showFog":true,"showSkybox":false,"showFlares":true,"showImageEffects":true,"showParticleSystems":true,"showVisualEffectGraphs":true,"m_FxEnabled":true},"in2DMode":false,"pivot":{"x":12.916770935058594,"y":1.0189913511276246,"z":0.1013253927230835},"rotation":{"x":0.03575523570179939,"y":0.4688278138637543,"z":-0.018997928127646447,"w":0.8823623657226563},"size":4.098113059997559,"orthographic":true}