{"cameraMode":{"drawMode":0,"name":"Shaded","section":"Shading Mode"},"sceneLighting":true,"audioPlay":false,"sceneViewState":{"m_AlwaysRefresh":false,"showFog":true,"showSkybox":true,"showFlares":true,"showImageEffects":true,"showParticleSystems":true,"showVisualEffectGraphs":true,"m_FxEnabled":true},"in2DMode":false,"pivot":{"x":-1.701627254486084,"y":1.537282943725586,"z":21.648963928222658},"rotation":{"x":0.022496871650218965,"y":-0.011098427698016167,"z":0.00024944357573986053,"w":0.9996888637542725},"size":34.80590057373047,"orthographic":true}